host_id,host_name
3159,Daniel
59484,Alexander
56142,Joan
97647,Flip
124245,Edwin
178515,Fatih
188098,Aukje
65041,Ym
207342,Joost
225987,Joanna & MP
227530,Klaas
231864,Karin
231946,Raymond
185836,VictorLuke
247822,Georg
262846,Bharati
263844,Rai & Clo
264178,Cornelie
278253,null
301340,Jessica
306117,Jan
306192,Conny
335166,Dene
336950,Manuel
339333,Nadira
399879,Tina
400896,Edwin + Karin
409579,Guido
436145,Riks
186729,Shawna
450453,Rudolf
459028,Stefania
494281,Michiel
195859,Gianni
485930,Rachel
249794,Marieke
563208,null
567065,Christopher
642044,Jessy
689016,Cindy
715549,Remy
725727,Colin Jeffrey
748161,Maria
776296,Nicole
790547,Bart
806976,Nick
811403,Francine
815989,Kamiel
818319,Thijs
818479,Keja
834139,Daniel
58458,null
856540,Pierre
876866,Marian
915591,Marijn
922787,Nanna
935742,Johan
967796,Marie-Katrien
976652,Home
999036,Eelco
1011967,Tim
1090600,Flavio
887591,Danielle
599238,Anouk
1107389,Henry
1135329,Ams
1155595,Ams
1205924,Peter
1005087,Wytse
1298735,Carolien
1314658,Mira
1318753,Vosse
1322517,Evan
1334704,Claudia
1337537,Dj
1344947,Flo & Andrac
1350388,Stefan
1358307,Peter
1376607,Martin
1391689,Fleur
1426693,Arnoud
1435990,Marij
1446698,Aafje
1471195,Judith
1451657,Marco
1173052,Anita
1491565,David
1247363,Alexa & Scott
1511330,Ton
1493495,Tinda
1518360,Mw
1550321,Frederika
1557454,Lia & Reinier
